{"features": {}, "internal": {"px_width_in_mm": 0.042518728487548084, "px_height_in_mm": 0.04283241995961927}}