{"features": {}, "internal": {"px_width_in_mm": 0.042988741044012284, "px_height_in_mm": 0.0430622009569378}}