{"features": {}, "internal": {"px_width_in_mm": 0.04216867469879518, "px_height_in_mm": 0.04233181299885975}}