{"features": {"height": 99.6914196123147}, "internal": {"px_width_in_mm": 0.04216867469879518, "px_height_in_mm": 0.04233181299885975, "paper_roi": {"horiz": {"corner": 104, "length": 4673}, "vert": {"corner": 974, "length": 6724}}, "height_segment": {"corner": 2889, "length": 2355}}}