{"features": {}, "internal": {"px_width_in_mm": 0.04261363636363636, "px_height_in_mm": 0.04296875}}