{"features": {"height": 88.6281665951052}, "internal": {"px_width_in_mm": 0.041526596796519676, "px_height_in_mm": 0.0425075139544869, "paper_roi": {"horiz": {"corner": 248, "length": 4620}, "vert": {"corner": 1292, "length": 6653}}, "height_segment": {"corner": 3198, "length": 2085}}}