{"features": {}, "internal": {"px_width_in_mm": 0.041526596796519676, "px_height_in_mm": 0.0425075139544869}}