{"features": {"height": 72.4044375789917}, "internal": {"px_width_in_mm": 0.041716328963051254, "px_height_in_mm": 0.04170762533352057, "paper_roi": {"horiz": {"corner": 160, "length": 4673}, "vert": {"corner": 1206, "length": 6830}}, "height_segment": {"corner": 3513, "length": 1736}}}