{"features": {}, "internal": {"px_width_in_mm": 0.041716328963051254, "px_height_in_mm": 0.04170762533352057}}