{"features": {}, "internal": {"px_width_in_mm": 0.04063467492260062, "px_height_in_mm": 0.041318864774624375}}