{"features": {"height": 91.02321111768184}, "internal": {"px_width_in_mm": 0.04329004329004329, "px_height_in_mm": 0.043908929627439384, "paper_roi": {"horiz": {"corner": 330, "length": 4489}, "vert": {"corner": 1222, "length": 6508}}, "height_segment": {"corner": 3118, "length": 2073}}}