{"features": {}, "internal": {"px_width_in_mm": 0.04329004329004329, "px_height_in_mm": 0.043908929627439384}}