{"features": {}, "internal": {"px_width_in_mm": 0.04554326610279766, "px_height_in_mm": 0.04557311646463096}}