{"features": {}, "internal": {"px_width_in_mm": 0.04248432126239126, "px_height_in_mm": 0.04286332804156444}}