{"features": {}, "internal": {"px_width_in_mm": 0.04187437686939183, "px_height_in_mm": 0.041889985895627646}}