{"features": {}, "internal": {"px_width_in_mm": 0.04263959390862944, "px_height_in_mm": 0.04347189695550351}}