{"features": {}, "internal": {"px_width_in_mm": 0.041791044776119404, "px_height_in_mm": 0.042103770910121914}}