{"features": {}, "internal": {"px_width_in_mm": 0.041501976284584984, "px_height_in_mm": 0.04288808664259928}}