{"features": {"height": 102.73794392523365}, "internal": {"px_width_in_mm": 0.03696532300651294, "px_height_in_mm": 0.03700934579439252, "paper_roi": {"horiz": {"corner": 877, "length": 5250}, "vert": {"corner": 862, "length": 7686}}, "height_segment": {"corner": 2532, "length": 2776}}}