{"features": {"height": 102.76151980598222}, "internal": {"px_width_in_mm": 0.033997085964060224, "px_height_in_mm": 0.03429957269892597, "paper_roi": {"horiz": {"corner": 457, "length": 5867}, "vert": {"corner": 449, "length": 8360}}, "height_segment": {"corner": 2864, "length": 2996}}}