{"features": {"height": 104.18251928020567}, "internal": {"px_width_in_mm": 0.034477097356755866, "px_height_in_mm": 0.03470437017994859, "paper_roi": {"horiz": {"corner": 510, "length": 5708}, "vert": {"corner": 517, "length": 8255}}, "height_segment": {"corner": 3091, "length": 3002}}}