{"features": {"height": 96.40938581314879}, "internal": {"px_width_in_mm": 0.03027681660899654, "px_height_in_mm": 0.032115051903114186, "paper_roi": {"horiz": {"corner": 510, "length": 5708}, "vert": {"corner": 517, "length": 8255}}, "height_segment": {"corner": 3091, "length": 3002}}}