{"features": {"height": 106.18018697225574}, "internal": {"px_width_in_mm": 0.04467134652201659, "px_height_in_mm": 0.04478287092882992, "paper_roi": {"horiz": {"corner": 626, "length": 4438}, "vert": {"corner": 771, "length": 6370}}, "height_segment": {"corner": 2652, "length": 2371}}}