{"features": {"height": 101.14767381076842}, "internal": {"px_width_in_mm": 0.03839824465167307, "px_height_in_mm": 0.03881338212232096, "paper_roi": {"horiz": {"corner": 944, "length": 5164}, "vert": {"corner": 1094, "length": 7342}}, "height_segment": {"corner": 3399, "length": 2606}}}