{"features": {"height": 87.3850562283737}, "internal": {"px_width_in_mm": 0.03027681660899654, "px_height_in_mm": 0.032115051903114186, "paper_roi": {"horiz": {"corner": 767, "length": 5098}, "vert": {"corner": 1117, "length": 7395}}, "height_segment": {"corner": 3324, "length": 2721}}}