{"features": {"height": 104.85753211366291}, "internal": {"px_width_in_mm": 0.038510911424903725, "px_height_in_mm": 0.03853639548462437, "paper_roi": {"horiz": {"corner": 767, "length": 5098}, "vert": {"corner": 1117, "length": 7395}}, "height_segment": {"corner": 3324, "length": 2721}}}