{"features": {"height": 70.23503965392935}, "internal": {"px_width_in_mm": 0.04130605822187254, "px_height_in_mm": 0.04282624369142033, "paper_roi": {"horiz": {"corner": 320, "length": 4556}, "vert": {"corner": 1238, "length": 6639}}, "height_segment": {"corner": 3313, "length": 1640}}}