{"features": {"height": 50.41421119413506}, "internal": {"px_width_in_mm": 0.04140378548895899, "px_height_in_mm": 0.041872268433666995, "paper_roi": {"horiz": {"corner": 174, "length": 4682}, "vert": {"corner": 754, "length": 6767}}, "height_segment": {"corner": 3465, "length": 1204}}}