{"features": {"height": 87.69836917304085}, "internal": {"px_width_in_mm": 0.042151746286631875, "px_height_in_mm": 0.04286332804156444, "paper_roi": {"horiz": {"corner": 204, "length": 4580}, "vert": {"corner": 924, "length": 6629}}, "height_segment": {"corner": 2999, "length": 2046}}}