{"features": {"height": 72.68501170960187}, "internal": {"px_width_in_mm": 0.04263959390862944, "px_height_in_mm": 0.04347189695550351, "paper_roi": {"horiz": {"corner": 249, "length": 4464}, "vert": {"corner": 1363, "length": 6501}}, "height_segment": {"corner": 3626, "length": 1672}}}