{"features": {"height": 72.63185607722684}, "internal": {"px_width_in_mm": 0.04275244299674267, "px_height_in_mm": 0.0434401053093462, "paper_roi": {"horiz": {"corner": 249, "length": 4464}, "vert": {"corner": 1363, "length": 6501}}, "height_segment": {"corner": 3626, "length": 1672}}}