{"features": {"height": 61.452591656131474}, "internal": {"px_width_in_mm": 0.041168398353264066, "px_height_in_mm": 0.041719342604298354, "paper_roi": {"horiz": {"corner": 220, "length": 4661}, "vert": {"corner": 982, "length": 6771}}, "height_segment": {"corner": 2960, "length": 1473}}}