{"features": {"height": 54.2967032967033}, "internal": {"px_width_in_mm": 0.041991601679664065, "px_height_in_mm": 0.0423861852433281, "paper_roi": {"horiz": {"corner": 156, "length": 4613}, "vert": {"corner": 974, "length": 6637}}, "height_segment": {"corner": 3697, "length": 1281}}}