{"features": {"height": 25.901414612804434}, "internal": {"px_width_in_mm": 0.04327220276117865, "px_height_in_mm": 0.04331340236254922, "paper_roi": {"horiz": {"corner": 246, "length": 4558}, "vert": {"corner": 801, "length": 6548}}, "height_segment": {"corner": 3269, "length": 598}}}