{"features": {"height": 64.41983753740915}, "internal": {"px_width_in_mm": 0.042270531400966184, "px_height_in_mm": 0.042325780247969215, "paper_roi": {"horiz": {"corner": 157, "length": 4702}, "vert": {"corner": 495, "length": 6761}}, "height_segment": {"corner": 2934, "length": 1522}}}