{"features": {"height": 61.82169230769231}, "internal": {"px_width_in_mm": 0.04556302885658494, "px_height_in_mm": 0.04569230769230769, "paper_roi": {"horiz": {"corner": 397, "length": 4337}, "vert": {"corner": 1079, "length": 6277}}, "height_segment": {"corner": 3340, "length": 1353}}}