{"features": {"height": 59.44188998589563}, "internal": {"px_width_in_mm": 0.0417578047325512, "px_height_in_mm": 0.041889985895627646, "paper_roi": {"horiz": {"corner": 197, "length": 4749}, "vert": {"corner": 628, "length": 6853}}, "height_segment": {"corner": 3095, "length": 1419}}}