{"features": {"height": 55.55081001472754}, "internal": {"px_width_in_mm": 0.04337050805452292, "px_height_in_mm": 0.04374079528718704, "paper_roi": {"horiz": {"corner": 316, "length": 4527}, "vert": {"corner": 547, "length": 6541}}, "height_segment": {"corner": 3341, "length": 1270}}}