{"features": {"height": 58.56091818716893}, "internal": {"px_width_in_mm": 0.04329004329004329, "px_height_in_mm": 0.0437021777516186, "paper_roi": {"horiz": {"corner": 341, "length": 4540}, "vert": {"corner": 660, "length": 6555}}, "height_segment": {"corner": 2878, "length": 1340}}}