{"features": {"height": 56.52970922882427}, "internal": {"px_width_in_mm": 0.041575925559295186, "px_height_in_mm": 0.041719342604298354, "paper_roi": {"horiz": {"corner": 112, "length": 4766}, "vert": {"corner": 662, "length": 6489}}, "height_segment": {"corner": 3383, "length": 1355}}}