{"features": {"height": 32.97053571428572}, "internal": {"px_width_in_mm": 0.044099118017639646, "px_height_in_mm": 0.044196428571428574, "paper_roi": {"horiz": {"corner": 424, "length": 4504}, "vert": {"corner": 669, "length": 6475}}, "height_segment": {"corner": 3956, "length": 746}}}