{"height": [89.28431231057873, 97.08952408589668, 99.57787585421413, 75.28125, 88.65354330708661, 72.35363457760315, 72.01803607214428, 85.5363307349666, 85.15835989568242, 91.02321111768184], "max_width": [91.5581253804017, 97.20338983050847, 102.95029180921715, 78.6322869955157, 94.06077348066297, 79.32314410480349, 99.2811373648378, 83.43823760818253, 87.39983646770237, 95.01501501501502], "tip_angle": [16.802546235799053, 15.409936915358319, 27.64597536373868, 29.82635607264073, 25.9476334165038, 16.993532688597178, 62.10272896905237, 33.89246307926917, 32.295353106656, 36.329387458713356], "width_0perc": [0.0013959981386691485, 0.0008718395815170009, 0.00041050903119868636, 0.002177463255307567, 0.0026431718061674008, 0.0010509721492380452, 0.00042354934349851756, 0.0034653465346534654, 0.0019646365422396855, 0.0004424778761061947], "width_10perc": [0.05909725453699395, 0.05841325196163906, 0.0665024630541872, 0.04899292324442025, 0.055506607929515416, 0.03836048344718865, 0.2731893265565438, 0.1806930693069307, 0.14194499017681728, 0.07123893805309735], "width_20perc": [0.32759422987436015, 0.18003487358326067, 0.3222495894909688, 0.39303211758301576, 0.2, 0.1765633210719916, 0.5823803473104616, 0.24455445544554455, 0.2342829076620825, 0.30442477876106194], "width_30perc": [0.7310376919497441, 0.4899738448125545, 0.7660098522167488, 0.5857376156777354, 0.42070484581497797, 0.4619022595901209, 0.6450656501482422, 0.404950495049505, 0.6669941060903732, 0.4823008849557522], "width_40perc": [0.6710097719869706, 0.6734960767218832, 0.9166666666666666, 0.6690255851932498, 0.6220264317180617, 0.6957435627955859, 0.9601863617111394, 0.6801980198019802, 0.9056974459724951, 0.9579646017699115], "width_50perc": [0.8827361563517915, 0.9629468177855275, 0.9092775041050903, 0.8829613500272183, 0.9392070484581497, 0.9153967419863374, 0.8983481575603558, 0.9930693069306931, 0.9037328094302554, 0.9013274336283186], "width_60perc": [0.855746859004188, 0.8866608544027899, 0.8563218390804598, 0.8856831790963527, 0.8431718061674008, 0.8691539674198634, 0.7966963151207116, 0.9237623762376238, 0.8467583497053045, 0.8584070796460177], "width_70perc": [0.7612843182875756, 0.8901482127288579, 0.9027093596059114, 0.8067501360914534, 0.7541850220264317, 0.8949027850761955, 0.7632359169843287, 0.9173267326732674, 0.8821218074656189, 0.8986725663716815], "width_80perc": [0.7840856212191717, 0.6041848299912816, 0.5993431855500821, 0.7550353837778987, 0.6687224669603524, 0.626379400945875, 0.7581533248623464, 0.7094059405940594, 0.6429273084479371, 0.6389380530973451], "width_90perc": [0.5076779897626803, 0.6883173496076722, 0.8197865353037767, 0.6722917800762113, 0.5718061674008811, 0.6421439831844457, 0.6336298178737823, 0.6188118811881188, 0.6797642436149313, 0.7579646017699115], "width_100perc": [0.004653327128897162, 0.013077593722755012, 0.003694581280788177, 0.001633097441480675, 0.004405286343612335, 0.005254860746190226, 0.0008470986869970351, 0.007920792079207921, 0.0014734774066797642, 0.006194690265486726], "avg_color_hue": [48.724320802909084, 45.83142402530692, 46.840327754113225, 45.47010156584575, 46.331414773381866, 46.90383720240048, 40.92827374994476, 42.14252723099169, 45.23564266795781, 45.309175577436086], "avg_color_sat": [208.33809835147753, 199.95512296826607, 187.27669695722145, 216.00957934297938, 189.45441280544722, 196.32901034979366, 216.56282535580613, 221.8718480402738, 207.08448266086612, 200.55674217273557], "avg_color_val": [49.84767441751235, 86.21442131412107, 76.82291160384754, 81.29298813537875, 77.19508886271247, 68.55283643077385, 93.52942902032967, 77.27095399569689, 83.83744286360974, 77.52464922390726], "likely_convex": [false, false, false, false, false, false, false, false, false, false]}