{"height": [73.83497471386745, 85.74717085288435, 75.49701110162253, 87.43086529884032, 80.56608478802993, 61.47715736040609, 69.42857142857143, 75.8332422088573, 68.38646225050621, 87.51349798966112], "max_width": [32.88872236792806, 39.78690430065866, 39.93968636911942, 50.108650229837025, 37.9291553133515, 34.05630452022204, 40.62647754137116, 42.55893536121673, 33.45965770171149, 37.00889248181083], "width_0perc": [0.004784688995215311, 0.00408997955010225, 0.0, 0.0017513134851138354, 0.004310344827586207, 0.012224938875305624, 0.004073319755600814, 0.0, 0.0025575447570332483, 0.006880733944954129], "width_10perc": [0.361244019138756, 0.3292433537832311, 0.28752642706131076, 0.2679509632224168, 0.2521551724137931, 0.2469437652811736, 0.2769857433808554, 0.3977485928705441, 0.25831202046035806, 0.3532110091743119], "width_20perc": [0.6961722488038278, 0.6625766871165644, 0.6321353065539113, 0.6444833625218914, 0.584051724137931, 0.589242053789731, 0.6008146639511202, 0.7035647279549718, 0.5728900255754475, 0.7155963302752294], "width_30perc": [0.8947368421052632, 0.8670756646216768, 0.8308668076109936, 0.8126094570928196, 0.7952586206896551, 0.8117359413202934, 0.8004073319755601, 0.8592870544090057, 0.7698209718670077, 0.9036697247706422], "width_40perc": [0.9856459330143541, 0.9693251533742331, 0.9408033826638478, 0.9159369527145359, 0.9331896551724138, 0.9339853300733496, 0.924643584521385, 0.9624765478424016, 0.8951406649616368, 0.9885321100917431], "width_50perc": [0.9856459330143541, 0.9979550102249489, 0.9830866807610994, 0.9649737302977233, 0.9870689655172413, 0.9926650366748166, 0.9938900203665988, 0.9962476547842402, 0.9744245524296675, 0.9862385321100917], "width_60perc": [0.916267942583732, 0.9488752556237219, 0.9978858350951374, 0.9054290718038529, 0.9762931034482759, 0.9535452322738386, 0.9857433808553971, 0.9681050656660413, 0.9820971867007673, 0.926605504587156], "width_70perc": [0.7918660287081339, 0.8098159509202454, 0.9408033826638478, 0.7635726795096323, 0.8793103448275862, 0.7995110024449877, 0.8961303462321792, 0.8986866791744841, 0.9207161125319693, 0.7981651376146789], "width_80perc": [0.6004784688995215, 0.6012269938650306, 0.7674418604651163, 0.5306479859894921, 0.7025862068965517, 0.5990220048899756, 0.7230142566191446, 0.7298311444652908, 0.7774936061381074, 0.591743119266055], "width_90perc": [0.34688995215311, 0.3394683026584867, 0.4164904862579281, 0.2714535901926445, 0.4353448275862069, 0.4058679706601467, 0.48065173116089616, 0.4652908067542214, 0.46547314578005117, 0.3394495412844037], "width_100perc": [0.0215311004784689, 0.006134969325153374, 0.014799154334038054, 0.0035026269702276708, 0.0668103448275862, 0.007334963325183374, 0.0, 0.00375234521575985, 0.017902813299232736, 0.009174311926605505], "avg_color_hue": [34.28481447549244, 34.298724798282784, 32.83641495583487, 35.09037423145042, 32.81806020505523, 39.11914345186648, 43.3938604037198, 39.783707048420474, 37.47536147482684, 35.93438801165312], "avg_color_sat": [174.7533554741182, 167.4681170004228, 154.80433621334365, 137.69698627770018, 168.53654698007483, 176.0104178919751, 157.03108731441793, 147.12224844784237, 121.20352381270615, 162.26107112926184], "avg_color_val": [50.37689723621927, 43.761475484963974, 48.90903670720738, 49.80590937234518, 30.338626385696628, 39.487288330631266, 34.686716699049285, 42.05216617921221, 38.384678909155134, 47.774855998829366]}