{"height": [73.83497471386745, 85.74717085288435, 75.49701110162253, 87.43086529884032, 80.56608478802993, 61.47715736040609, 69.42857142857143, 75.8332422088573, 68.38646225050621, 87.51349798966112], "max_width": [32.88872236792806, 39.78690430065866, 39.93968636911942, 50.108650229837025, 37.9291553133515, 34.05630452022204, 40.62647754137116, 42.55893536121673, 33.45965770171149, 37.00889248181083], "tip_angle": [83.97147505243102, 64.27120126581953, 80.85175004696805, 59.566914210018076, 50.31023735218064, 65.50699504634727, 69.33446716803358, 88.12825503471124, 71.13100054493859, 63.08505528234989], "leaf_convexity": [2626.5, 2899.0, 4126.5, 22201.5, 4132.5, 4166.5, 2938.0, 7386.5, 2506.0, 3315.0], "perimeter": [2222.228697180748, 2490.28965651989, 2197.8388679027557, 2585.5688767433167, 2360.708925127983, 1835.518020272255, 2103.779993534088, 2394.57898414135, 1924.162681221962, 2413.483528494835], "width_0perc": [0.004784688995215311, 0.00408997955010225, 0.0, 0.0017513134851138354, 0.004310344827586207, 0.012224938875305624, 0.004073319755600814, 0.0, 0.0025575447570332483, 0.006880733944954129], "width_20perc": [0.6961722488038278, 0.6625766871165644, 0.6321353065539113, 0.6444833625218914, 0.584051724137931, 0.589242053789731, 0.6008146639511202, 0.7035647279549718, 0.5728900255754475, 0.7155963302752294], "width_40perc": [0.9856459330143541, 0.9693251533742331, 0.9408033826638478, 0.9159369527145359, 0.9331896551724138, 0.9339853300733496, 0.924643584521385, 0.9624765478424016, 0.8951406649616368, 0.9885321100917431], "width_60perc": [0.916267942583732, 0.9488752556237219, 0.9978858350951374, 0.9054290718038529, 0.9762931034482759, 0.9535452322738386, 0.9857433808553971, 0.9681050656660413, 0.9820971867007673, 0.926605504587156], "width_80perc": [0.6004784688995215, 0.6012269938650306, 0.7674418604651163, 0.5306479859894921, 0.7025862068965517, 0.5990220048899756, 0.7230142566191446, 0.7298311444652908, 0.7774936061381074, 0.591743119266055], "width_100perc": [0.0215311004784689, 0.006134969325153374, 0.014799154334038054, 0.0035026269702276708, 0.0668103448275862, 0.007334963325183374, 0.0, 0.00375234521575985, 0.017902813299232736, 0.009174311926605505], "avg_color_hue": [34.28481447549244, 34.298724798282784, 32.83641495583487, 35.09037423145042, 32.81806020505523, 39.11914345186648, 43.3938604037198, 39.783707048420474, 37.47536147482684, 35.93438801165312], "avg_color_sat": [174.7533554741182, 167.4681170004228, 154.80433621334365, 137.69698627770018, 168.53654698007483, 176.0104178919751, 157.03108731441793, 147.12224844784237, 121.20352381270615, 162.26107112926184], "avg_color_val": [50.37689723621927, 43.761475484963974, 48.90903670720738, 49.80590937234518, 30.338626385696628, 39.487288330631266, 34.686716699049285, 42.05216617921221, 38.384678909155134, 47.774855998829366]}