{"height": [111.96637168141592, 102.73794392523365, 115.65979263985416, 102.76151980598222, 104.18251928020567, 107.595493688805, 106.18018697225574, 105.57731958762886, 101.14767381076842, 104.85753211366291], "max_width": [66.79282868525895, 57.739834536173205, 67.57739323702175, 58.64497328800389, 53.26711541618781, 56.772749875683736, 61.42310146777281, 62.992451473759886, 60.05485463521668, 60.34659820282414], "tip_angle": [68.78339827232915, 54.81590442765295, 73.01509599922818, 57.31501847927439, 45.0, 76.7574434084482, 52.04347833828687, 53.32134015487085, 75.91377476558971, 85.9805964814966], "width_0perc": [0.0, 0.005761843790012804, 0.003453379378391712, 0.002318840579710145, 0.001941747572815534, 0.004904966278356836, 0.004363636363636364, 0.002396644697423607, 0.00319693094629156, 0.0025526483726866626], "width_10perc": [0.3684759916492693, 0.31498079385403327, 0.31031080414405526, 0.2753623188405797, 0.39223300970873787, 0.33169834457388103, 0.32727272727272727, 0.341521869382864, 0.3625319693094629, 0.3560944479897894], "width_20perc": [0.6852818371607515, 0.6203585147247119, 0.646275283670449, 0.6028985507246377, 0.7404530744336569, 0.6848559166155732, 0.6261818181818182, 0.6650689035350509, 0.6419437340153452, 0.6451818761965539], "width_30perc": [0.8449895615866388, 0.8495518565941101, 0.8539713862851505, 0.8434782608695652, 0.911326860841424, 0.8920907418761496, 0.8196363636363636, 0.8538046734571599, 0.8382352941176471, 0.8698149329929802], "width_40perc": [0.9639874739039666, 0.9942381562099872, 0.9590527873704983, 0.9547826086956521, 0.998705501618123, 0.9779276517473943, 0.9505454545454546, 0.9484721390053924, 0.9552429667519181, 0.9706445437141034], "width_50perc": [0.9926931106471816, 0.969270166453265, 0.9782930439072521, 0.9779710144927536, 0.946925566343042, 0.9871244635193133, 0.9927272727272727, 0.9766327142001199, 0.9961636828644501, 0.9572431397574984], "width_60perc": [0.9211899791231732, 0.8943661971830986, 0.9314257523433646, 0.9408695652173913, 0.8025889967637541, 0.8939301042305334, 0.9236363636363636, 0.8945476333133613, 0.9462915601023018, 0.8704530950861519], "width_70perc": [0.7646137787056367, 0.7445582586427657, 0.8011840157868771, 0.823768115942029, 0.5786407766990291, 0.7081545064377682, 0.7992727272727272, 0.7525464349910126, 0.8037084398976982, 0.7083599234205488], "width_80perc": [0.5339248434237995, 0.5358514724711908, 0.4666995559940799, 0.5055072463768115, 0.22394822006472492, 0.3537706928264868, 0.44872727272727275, 0.378070701018574, 0.5690537084398977, 0.4958519463943842], "width_90perc": [0.08194154488517745, 0.17221510883482716, 0.01973359644795264, 0.022608695652173914, 0.017475728155339806, 0.019619865113427344, 0.024, 0.02037147992810066, 0.10230179028132992, 0.08806636885768986], "width_100perc": [0.009394572025052192, 0.003201024327784891, 0.003946719289590528, 0.007536231884057971, 0.009061488673139158, 0.00674432863274065, 0.008727272727272728, 0.004194128220491312, 0.005115089514066497, 0.007019783024888321], "avg_color_hue": [52.856601709304186, 60.63365284270986, 29.07606831341729, 30.246353610010093, 28.318019653347427, 27.69222119276378, 31.343217219676276, 29.345590409404842, 29.39792804296051, 29.194729503734425], "avg_color_sat": [170.7843173613026, 143.992920526159, 185.6176239494611, 175.76127098305847, 175.01966292134833, 172.00404811085335, 169.05595354904605, 185.13026676055836, 175.71606857333646, 181.39032848073253], "avg_color_val": [48.65324755115604, 47.46717259751925, 48.35159170243123, 55.28932679744475, 53.11438156292365, 56.268408293389555, 52.94503485674809, 42.81430520681752, 42.38474601162838, 44.223644581262455]}