{"height": [111.92709466811753, 124.72153793024057, 123.34367019336008, 131.19255319148937, 123.8154020385051, 131.42921766897285, 109.19288413918936, 104.23359048943973, 110.72456878989543, 117.83020408163264], "max_width": [30.1744782757441, 32.70379993504384, 35.593220338983045, 34.639893793561235, 34.83359746434232, 34.67240733807562, 31.346153846153847, 27.21808510638298, 31.05605509852688, 31.003460207612456], "tip_angle": [14.225476547065282, 16.829355926550477, 30.51566079644624, 16.122598777717197, 28.68145811725023, 26.682220297002914, 24.386062200533004, 34.82602783567687, 16.201191967410438, 14.467030684935105], "leaf_convexity": [84806.5, 103169.0, 122645.0, 102637.5, 100873.0, 90778.5, 73462.5, 57334.5, 69791.0, 77832.0], "perimeter": [7043.234083771706, 8242.985512971878, 7809.179389476776, 8532.358099341393, 7518.8707320690155, 7515.307242155075, 6436.0868945121765, 6297.854360938072, 6073.097002029419, 6531.719363451004], "width_0perc": [0.0011904761904761906, 0.013555787278415016, 0.007070707070707071, 0.0030181086519114686, 0.0021231422505307855, 0.0022675736961451248, 0.0036809815950920245, 0.03556771545827633, 0.00129366106080207, 0.0013020833333333333], "width_20perc": [0.3119047619047619, 0.5495307612095933, 0.5696969696969697, 0.682092555331992, 0.6061571125265393, 0.6666666666666666, 0.5325153374233129, 0.5896032831737346, 0.4644243208279431, 0.4231770833333333], "width_40perc": [0.763095238095238, 0.9311783107403545, 0.8515151515151516, 0.9054325955734407, 0.8290870488322718, 0.9149659863945578, 0.9496932515337423, 0.896032831737346, 0.8408796895213454, 0.8359375], "width_60perc": [0.9297619047619048, 0.9436913451511991, 0.9242424242424242, 0.959758551307847, 0.9363057324840764, 0.9569160997732427, 0.950920245398773, 0.9685362517099864, 0.9573091849935317, 0.9075520833333334], "width_80perc": [0.8869047619047619, 0.8227320125130344, 0.8505050505050505, 0.8158953722334004, 0.7855626326963907, 0.7721088435374149, 0.7214723926380369, 0.8372093023255814, 0.7671410090556274, 0.8294270833333334], "width_100perc": [0.002380952380952381, 0.0020855057351407717, 0.0, 0.01710261569416499, 0.008492569002123142, 0.0022675736961451248, 0.03067484662576687, 0.004103967168262654, 0.00258732212160414, 0.0026041666666666665], "avg_color_hue": [67.16285548325119, 54.99584168078535, 37.737537255131556, 38.22036039884264, 38.57203068681991, 38.3702367357094, 37.962778777540535, 38.361541463132646, 38.932465265272704, 38.96887565803184], "avg_color_sat": [163.93196280496812, 142.29071128301294, 209.89211700627004, 203.35727508979573, 205.16313595787105, 202.7261041239037, 207.47887788235988, 209.3143791369194, 209.46510107710765, 206.5583382686467], "avg_color_val": [38.84659159313838, 43.573024094784046, 55.15641986647615, 47.23169165149286, 54.00990970497856, 41.13853579647944, 54.32541477360582, 50.79389542445877, 42.67507239709312, 40.675187392715124]}