{"height": [25.901414612804434, 56.128284389489956, 64.41983753740915, 61.82169230769231, 59.44188998589563, 55.55081001472754, 47.25289989975655, 58.56091818716893, 56.52970922882427, 32.97053571428572], "max_width": [14.972182155367813, 27.04830053667263, 23.629227053140095, 26.426556736819265, 23.300855040763572, 24.374225526641883, 23.323943661971832, 23.80952380952381, 24.030884973272617, 20.10919781604368], "tip_angle": [144.53087829796874, 169.16688838452902, 114.17328289824655, 50.048088752859606, 142.99073226789108, 120.58617501578318, 105.32961476272813, 137.71464765192158, 173.04704253182607, 151.26499101212974], "width_0perc": [0.15606936416184972, 0.0941358024691358, 0.057245080500894455, 0.06724137931034482, 0.35842293906810035, 0.05338078291814947, 0.036231884057971016, 0.02181818181818182, 0.07958477508650519, 0.07017543859649122], "width_20perc": [0.8641618497109826, 0.6990740740740741, 0.7584973166368515, 0.7, 0.899641577060932, 0.699288256227758, 0.6231884057971014, 0.7981818181818182, 0.8235294117647058, 0.8793859649122807], "width_40perc": [0.9826589595375722, 0.9228395061728395, 0.9570661896243292, 0.9258620689655173, 0.96415770609319, 0.9359430604982206, 0.7862318840579711, 0.9254545454545454, 0.9740484429065744, 0.9824561403508771], "width_60perc": [0.8728323699421965, 0.9783950617283951, 0.9785330948121646, 0.9172413793103448, 0.910394265232975, 0.9786476868327402, 0.9782608695652174, 0.9745454545454545, 0.9653979238754326, 0.8969298245614035], "width_80perc": [0.569364161849711, 0.7530864197530864, 0.7710196779964222, 0.753448275862069, 0.7293906810035843, 0.800711743772242, 0.7463768115942029, 0.7527272727272727, 0.6678200692041523, 0.618421052631579], "width_100perc": [0.014450867052023121, 0.009259259259259259, 0.017889087656529516, 0.005172413793103448, 0.010752688172043012, 0.005338078291814947, 0.010869565217391304, 0.005454545454545455, 0.005190311418685121, 0.019736842105263157], "avg_color_hue": [46.12319539993839, 47.37985484248589, 45.96294282607452, 41.19632872149091, 40.43332523255107, 45.047754990737864, 41.51293880949078, 49.51817749407286, 46.872093846299926, 42.38586088288993], "avg_color_sat": [175.4752164835541, 235.68524329491947, 188.4389772792308, 209.87164171792878, 206.60260706622708, 201.03241276199608, 211.53711916985472, 234.60906774061604, 183.71381194485926, 218.01308196400626], "avg_color_val": [51.6404901256118, 48.9164515101064, 63.954949541196896, 77.36241453395198, 74.60457363770956, 59.20088389893462, 71.23472467244147, 45.41030073420678, 54.77497259363482, 46.440874413145536]}