{"height": [243.98691509031434, 170.58848433530906, 153.42195467422096, 89.26569037656904, 100.53674166904015, 213.05344368074063, 216.2408362369338, 152.6607452339688, 138.80440848214286, 194.2021185227598], "max_width": [197.2792168060371, 182.79488204718112, 164.5153570003989, 109.61314152410574, 123.9703228393824, 191.43280047365306, 198.37699428796532, 151.82203389830508, 150.86017282010997, 190.44842147597024], "tip_angle": [35.812475586654315, 49.96974072811031, 32.00427443634656, 20.92450174492117, 35.64574892350268, 48.75013680789449, 23.345992576833616, 25.878484375148208, 38.23807487714853, 19.40362573785576], "width_0perc": [0.00303951367781155, 0.0018373909049150207, 0.0017820773930753565, 0.00558659217877095, 0.0030570652173913045, 0.0028144620047629355, 0.0008340283569641367, 0.00027909572983533354, 0.0008201202843083652, 0.0013303769401330377], "width_10perc": [0.08033000434216239, 0.08750574184657786, 0.10692464358452139, 0.05847299813780261, 0.058763586956521736, 0.09331024031175579, 0.08757297748123437, 0.042701646664806026, 0.07873154729360306, 0.06585365853658537], "width_20perc": [0.19170646982197134, 0.1793752870923289, 0.20417515274949083, 0.16722532588454375, 0.15115489130434784, 0.20567222342498376, 0.23123436196830693, 0.11749930226067541, 0.18753417167851286, 0.1547671840354767], "width_30perc": [0.26487190620929224, 0.22163527790537438, 0.2530549898167006, 0.2223463687150838, 0.1953125, 0.2788482355488201, 0.28878231859883235, 0.19201786212670946, 0.25068343357025696, 0.2824833702882483], "width_40perc": [0.2835432045158489, 0.19016995865870465, 0.26476578411405294, 0.25251396648044694, 0.2347146739130435, 0.5440571552284044, 0.6196830692243537, 0.5941948088194251, 0.2594313832695462, 0.2434589800443459], "width_50perc": [0.986322188449848, 0.8325677537896188, 0.6155804480651731, 0.6338919925512104, 0.96875, 0.9157826369344014, 0.968932443703086, 0.8657549539492045, 0.5738108255877529, 0.5560975609756098], "width_60perc": [0.837386018237082, 0.6444648598989435, 0.8365580448065173, 0.8532588454376164, 0.8192934782608695, 0.7861008876380169, 0.8657214345287739, 0.7901200111638292, 0.8307818480043739, 0.8412416851441241], "width_70perc": [0.5445071645679549, 0.18282039503904457, 0.6848268839103869, 0.7225325884543762, 0.709578804347826, 0.3985711192898896, 0.5706839032527106, 0.6927156014512978, 0.6492618917441225, 0.6015521064301552], "width_80perc": [0.4513677811550152, 0.3433624253559945, 0.3105906313645621, 0.4782122905027933, 0.4765625, 0.4903658800606192, 0.41618015012510423, 0.4613452414178063, 0.47895024603608527, 0.2419068736141907], "width_90perc": [0.12613981762917933, 0.4253559944878273, 0.36278004073319753, 0.5009310986964618, 0.499320652173913, 0.18835245724182723, 0.609257714762302, 0.8342171364778119, 0.4100601421541826, 0.3325942350332594], "width_100perc": [0.0036908380373425966, 0.002756086357372531, 0.0015274949083503055, 0.0, 0.001358695652173913, 0.004329941545789132, 0.0006255212677231026, 0.003628244487859336, 0.004647348277747403, 0.0026607538802660754], "avg_color_hue": [50.567588038982976, 51.501442403020846, 46.878208164139835, 44.036199673703294, 48.316530208318504, 52.16806281041656, 50.69255198466611, 45.694711533641204, 49.35818872892063, 53.36716962258464], "avg_color_sat": [170.2739239769541, 170.64947952330766, 176.1947290635529, 226.037399857407, 197.8861255932124, 161.3666679746225, 168.63896360433841, 163.13552454535792, 207.13612888762017, 170.49979302929506], "avg_color_val": [72.72941965432078, 47.464551887605055, 84.40090216969858, 102.14784937746296, 75.13043411045092, 55.31811189839482, 68.90382947234174, 82.47069075114952, 73.40118388975229, 56.940923889858745]}