{"height": [52.130067567567565, 70.23503965392935, 50.41421119413506, 87.60986159169549, 84.5251412838719, 72.63185607722684, 45.22864036332671, 71.7828662236348, 61.452591656131474, 54.2967032967033], "max_width": [26.50618087182824, 35.81235247836349, 27.160883280757098, 56.77154308617234, 43.347860538827256, 33.17589576547231, 22.226890756302524, 39.634387351778656, 37.21623211135071, 26.832633473305336], "tip_angle": [65.55604521958347, 56.21056316579071, 51.936124121846184, 72.92705750613744, 48.021889721205376, 91.09789139809581, 69.73588380963314, 72.11808206683304, 98.1837500721046, 72.72235205036348], "width_0perc": [0.005154639175257732, 0.002306805074971165, 0.012195121951219513, 0.0007412898443291327, 0.007677543186180422, 0.029639175257731958, 0.00945179584120983, 0.005235602094240838, 0.004424778761061947, 0.006259780907668232], "width_10perc": [0.27835051546391754, 0.2687427912341407, 0.24390243902439024, 0.2727946627131208, 0.2658349328214971, 0.38917525773195877, 0.3270321361058601, 0.29109947643979056, 0.3584070796460177, 0.3395931142410016], "width_20perc": [0.5309278350515464, 0.5178777393310265, 0.4070121951219512, 0.5559673832468495, 0.5470249520153551, 0.6481958762886598, 0.555765595463138, 0.5727748691099477, 0.6172566371681416, 0.594679186228482], "width_30perc": [0.7646048109965635, 0.740484429065744, 0.5929878048780488, 0.7546330615270571, 0.7696737044145874, 0.8376288659793815, 0.7277882797731569, 0.806282722513089, 0.8008849557522124, 0.7621283255086072], "width_40perc": [0.9432989690721649, 0.8985005767012687, 0.7332317073170732, 0.9221645663454411, 0.9069097888675623, 0.9007731958762887, 0.8601134215500945, 0.9528795811518325, 0.9192477876106194, 0.86697965571205], "width_50perc": [0.9828178694158075, 0.9884659746251442, 0.8673780487804879, 0.9814677538917717, 0.974088291746641, 0.9317010309278351, 0.9319470699432892, 0.9926701570680628, 0.9778761061946902, 0.9280125195618153], "width_60perc": [0.9415807560137457, 0.9653979238754326, 0.9253048780487805, 0.9614529280948851, 0.9712092130518234, 0.9265463917525774, 0.9735349716446124, 0.9790575916230366, 0.9900442477876106, 0.9859154929577465], "width_70perc": [0.8642611683848798, 0.8696655132641292, 0.9344512195121951, 0.8895478131949592, 0.9155470249520153, 0.8634020618556701, 0.8998109640831758, 0.9089005235602095, 0.9402654867256637, 0.9624413145539906], "width_80perc": [0.6752577319587629, 0.6978085351787774, 0.8567073170731707, 0.6968124536693847, 0.738003838771593, 0.8079896907216495, 0.720226843100189, 0.7424083769633508, 0.8053097345132744, 0.8169014084507042], "width_90perc": [0.31958762886597936, 0.4279123414071511, 0.6204268292682927, 0.38843587842846555, 0.3646833013435701, 0.5399484536082474, 0.389413988657845, 0.4324607329842932, 0.5962389380530974, 0.5665101721439749], "width_100perc": [0.02577319587628866, 0.00922722029988466, 0.001524390243902439, 0.013343217197924388, 0.015355086372360844, 0.028350515463917526, 0.013232514177693762, 0.02198952879581152, 0.01327433628318584, 0.003129890453834116], "avg_color_hue": [48.08814025793483, 47.90793699592488, 38.56858128281478, 45.31612303901935, 47.442334277023164, 35.01412521411461, 40.977212440775574, 45.74590207014959, 45.69190972826194, 46.71908477095884], "avg_color_sat": [176.05315561567147, 176.0564433310003, 214.16586882672593, 173.00094241507327, 199.83853416859924, 238.46340752291894, 216.55490786111366, 170.40671602224413, 178.5137129340398, 180.24299726075813], "avg_color_val": [53.769889912737995, 48.79311089162017, 88.09755615335303, 65.10993496214071, 52.99516760533687, 83.87698584054964, 90.17460467528538, 73.89625646950562, 64.82893699372656, 54.54338692267576], "likely_convex": [true, true, true, false, true, true, true, true, true, true]}