{"height": [66.31312083024463, 55.44, 71.81796226415095, 56.36920529801324, 66.33180987202924, 52.31695511880317, 62.78260869565217, 48.16550861589772, 56.613395506570576, 77.05876407738954], "max_width": [27.525125628140707, 24.41860465116279, 35.4585798816568, 25.769885155253085, 25.378428541967413, 22.33594220349187, 24.95901639344262, 19.472954230235786, 26.706882911392405, 26.166534181240063], "tip_angle": [106.31522249953981, 147.31722700486839, 117.38231275007584, 139.5025691429717, 106.13284053048538, 145.4833992202643, 114.02650657867919, 90.0, 145.58405427105527, 130.6839724801344], "width_0perc": [0.003194888178913738, 0.01565217391304348, 0.011264080100125156, 0.024263431542461005, 0.006825938566552901, 0.024528301886792454, 0.041379310344827586, 0.02564102564102564, 0.02332814930015552, 0.017543859649122806], "width_10perc": [0.5255591054313099, 0.5478260869565217, 0.4655819774718398, 0.5459272097053726, 0.6075085324232082, 0.6452830188679245, 0.6172413793103448, 0.5918803418803419, 0.5567651632970451, 0.6108452950558214], "width_20perc": [0.7380191693290735, 0.7408695652173913, 0.6107634543178974, 0.755632582322357, 0.8651877133105802, 0.8603773584905661, 0.7913793103448276, 0.8269230769230769, 0.8009331259720062, 0.8692185007974481], "width_30perc": [0.8769968051118211, 0.88, 0.7196495619524406, 0.8856152512998267, 0.9658703071672355, 0.9320754716981132, 0.9396551724137931, 0.9166666666666666, 0.8833592534992224, 0.94896331738437], "width_40perc": [0.9265175718849841, 0.9756521739130435, 0.7158948685857321, 0.9532062391681109, 0.9761092150170648, 0.9792452830188679, 0.9827586206896551, 0.9636752136752137, 0.9720062208398134, 0.94896331738437], "width_50perc": [0.9249201277955271, 0.9773913043478261, 0.6345431789737171, 0.9913344887348353, 0.8532423208191127, 0.9377358490566038, 0.9517241379310345, 0.9081196581196581, 0.942457231726283, 0.8532695374800638], "width_60perc": [0.84185303514377, 0.8973913043478261, 0.20150187734668334, 0.8873483535528596, 0.5597269624573379, 0.8528301886792453, 0.8620689655172413, 0.7756410256410257, 0.8304821150855366, 0.6523125996810207], "width_70perc": [0.6309904153354633, 0.711304347826087, 0.03879849812265332, 0.7365684575389948, 0.07508532423208192, 0.6698113207547169, 0.18275862068965518, 0.4252136752136752, 0.6423017107309487, 0.09888357256778309], "width_80perc": [0.07188498402555911, 0.10608695652173913, 0.0425531914893617, 0.11611785095320624, 0.08361774744027303, 0.08867924528301886, 0.05172413793103448, 0.09829059829059829, 0.38724727838258166, 0.06698564593301436], "width_90perc": [0.04952076677316294, 0.08869565217391304, 0.052565707133917394, 0.09185441941074524, 0.06996587030716724, 0.07924528301886792, 0.12241379310344827, 0.1047008547008547, 0.07931570762052877, 0.08771929824561403], "width_100perc": [0.006389776357827476, 0.006956521739130435, 0.0050062578222778474, 0.012131715771230503, 0.015358361774744027, 0.007547169811320755, 0.04827586206896552, 0.014957264957264958, 0.02332814930015552, 0.022328548644338118], "avg_color_hue": [43.52087459961476, 42.91702633436898, 42.517166697160654, 42.13663351704713, 41.442330171887036, 39.43734066323467, 42.6380333217976, 42.845474315804665, 45.8494372435462, 41.23178262118787], "avg_color_sat": [175.88249000060023, 183.15101509416854, 178.10365757662146, 192.07499521880487, 188.74891076220078, 197.57678186489224, 186.9685177403141, 167.0507752801584, 192.9917074215739, 178.62880925994335], "avg_color_val": [79.48244852969262, 79.1688491425191, 86.16538024585246, 86.32593841820679, 80.59230404789103, 91.92971956729302, 81.42033750267794, 81.61171973802716, 72.99758857898274, 81.45825062594919], "likely_convex": [true, true, false, true, true, true, false, true, true, true]}