{"height": [67.2851947264737, 75.17624020887729, 53.42923141537169, 36.7849795688319, 65.28784045244828, 64.96875, 52.657246605620465, 63.76246290801187, 61.850054271980156, 33.89866071428572], "max_width": [17.913209955328654, 16.976175931582162, 12.918632075471697, 12.960382241688233, 14.564996958020686, 14.895397489539748, 13.833443489755453, 17.3579013116802, 18.429035752979416, 12.646384663471556], "tip_angle": [76.89079180184571, 72.02586520475664, 28.9509952074668, 75.88846645778372, 59.94562391712562, 46.53196381015196, 63.978879755713436, 44.7066901085635, 40.45210255943588, 56.53484115008501], "leaf_convexity": [17691.0, 7812.5, 7286.5, 2015.5, 12665.5, 5682.0, 7748.0, 12752.5, 11060.5, 1236.5], "perimeter": [3375.128190279007, 3838.4885816574097, 2832.055034637451, 2038.788007736206, 3258.9911077022552, 3341.079419732094, 2506.3149198293686, 3235.128190279007, 3194.2408887147903, 1830.5798577070236], "width_0perc": [0.022443890274314215, 0.007556675062972292, 0.003194888178913738, 0.012903225806451613, 0.0029239766081871343, 0.008426966292134831, 0.010033444816053512, 0.005037783375314861, 0.0024691358024691358, 0.01730103806228374], "width_20perc": [0.7182044887780549, 0.7808564231738035, 0.6900958466453674, 0.8, 0.6461988304093568, 0.648876404494382, 0.6956521739130435, 0.6926952141057935, 0.6271604938271605, 0.8442906574394463], "width_40perc": [0.942643391521197, 0.9899244332493703, 0.939297124600639, 0.9838709677419355, 0.9385964912280702, 0.9073033707865169, 0.9732441471571907, 0.924433249370277, 0.8666666666666667, 0.9584775086505191], "width_60perc": [0.9027431421446384, 0.8942065491183879, 0.9776357827476039, 0.8612903225806452, 0.9415204678362573, 0.9297752808988764, 0.9163879598662207, 0.8866498740554156, 0.945679012345679, 0.8166089965397924], "width_80perc": [0.45885286783042395, 0.6120906801007556, 0.6773162939297125, 0.5774193548387097, 0.6081871345029239, 0.6713483146067416, 0.5551839464882943, 0.5591939546599496, 0.7481481481481481, 0.5674740484429066], "width_100perc": [0.0199501246882793, 0.0327455919395466, 0.006389776357827476, 0.016129032258064516, 0.023391812865497075, 0.011235955056179775, 0.023411371237458192, 0.010075566750629723, 0.037037037037037035, 0.01730103806228374], "avg_color_hue": [45.829926788988445, 44.681037797099975, 40.705582937539205, 46.35567752332777, 42.60155452097675, 42.75343187297725, 44.815865060961926, 46.684463477657495, 45.364179119988364, 43.67277556440903], "avg_color_sat": [110.81095434389671, 103.76589222288705, 102.9916659198853, 133.7081318857785, 99.52642155107237, 111.10319511718325, 117.63350287979654, 126.51773650446339, 106.18553197680461, 107.33133181559475], "avg_color_val": [62.03635323337799, 65.55061806978905, 74.98854138662365, 63.7737306653361, 67.96138898836762, 57.69563305024001, 59.1642680828783, 45.48251465448617, 58.15547772951178, 62.80569151963574]}