{"features": {}, "internal": {"px_width_in_mm": 0.04468085106382979, "px_height_in_mm": 0.04496593489780469}}