{"features": {}, "internal": {"px_width_in_mm": 0.0429535692370628, "px_height_in_mm": 0.04309344167150319}}