{"features": {}, "internal": {"px_width_in_mm": 0.041592394533571005, "px_height_in_mm": 0.04407836153161175}}