{"features": {}, "internal": {"px_width_in_mm": 0.041824337781318464, "px_height_in_mm": 0.04183098591549296}}