{"features": {}, "internal": {"px_width_in_mm": 0.04253595300789954, "px_height_in_mm": 0.0441635687732342}}
