{"features": {}, "internal": {"px_width_in_mm": 0.041708043694141016, "px_height_in_mm": 0.04272766508416055}}