{"features": {}, "internal": {"px_width_in_mm": 0.04585152838427948, "px_height_in_mm": 0.04686760296670349}}