{"features": {}, "internal": {"px_width_in_mm": 0.04354136429608128, "px_height_in_mm": 0.04403914590747331}}