{"features": {}, "internal": {"px_width_in_mm": 0.04552352048558422, "px_height_in_mm": 0.046017973349860554}}