{"features": {}, "internal": {"px_width_in_mm": 0.043777360850531584, "px_height_in_mm": 0.04417670682730924}}