{"features": {}, "internal": {"px_width_in_mm": 0.04389632107023411, "px_height_in_mm": 0.04401304090100771}}