{"features": {}, "internal": {"px_width_in_mm": 0.04160063391442155, "px_height_in_mm": 0.043049717350340626}}