{"features": {}, "internal": {"px_width_in_mm": 0.044642857142857144, "px_height_in_mm": 0.044830188679245285}}