{"features": {"height": 56.326816062565804}, "internal": {"px_width_in_mm": 0.042151746286631875, "px_height_in_mm": 0.04466837118363664, "paper_roi": {"horiz": {"corner": 399, "length": 4401}, "vert": {"corner": 1467, "length": 6303}}, "height_segment": {"corner": 3928, "length": 1261}}}