{"features": {}, "internal": {"px_width_in_mm": 0.042151746286631875, "px_height_in_mm": 0.04466837118363664}}