{"features": {}, "internal": {"px_width_in_mm": 0.04504504504504504, "px_height_in_mm": 0.045260591283145385}}