{"features": {}, "internal": {"px_width_in_mm": 0.0434063662670525, "px_height_in_mm": 0.043567551708962884}}