{"features": {}, "internal": {"px_width_in_mm": 0.0435052827843381, "px_height_in_mm": 0.04344645991808075}}