{"features": {}, "internal": {"px_width_in_mm": 0.04196642685851319, "px_height_in_mm": 0.04198473282442748}}