{"features": {"height": 56.63740458015267}, "internal": {"px_width_in_mm": 0.04196642685851319, "px_height_in_mm": 0.04198473282442748, "paper_roi": {"horiz": {"corner": 177, "length": 4671}, "vert": {"corner": 959, "length": 6744}}, "height_segment": {"corner": 4001, "length": 1349}}}