{"features": {}, "internal": {"px_width_in_mm": 0.04280472890338361, "px_height_in_mm": 0.04291907514450867}}