{"features": {"height": 25.856165380695877}, "internal": {"px_width_in_mm": 0.04305043050430504, "px_height_in_mm": 0.04323773475032756, "paper_roi": {"horiz": {"corner": 246, "length": 4558}, "vert": {"corner": 801, "length": 6548}}, "height_segment": {"corner": 3269, "length": 598}}}