{"features": {}, "internal": {"px_width_in_mm": 0.04305043050430504, "px_height_in_mm": 0.04323773475032756}}