{"features": {}, "internal": {"px_width_in_mm": 0.04168320762207225, "px_height_in_mm": 0.04169006176305446}}