{"features": {}, "internal": {"px_width_in_mm": 0.04533678756476684, "px_height_in_mm": 0.04564315352697095}}