{"features": {}, "internal": {"px_width_in_mm": 0.04163362410785091, "px_height_in_mm": 0.04186046511627907}}