{"features": {}, "internal": {"px_width_in_mm": 0.04316546762589928, "px_height_in_mm": 0.04370860927152318}}