{"features": {}, "internal": {"px_width_in_mm": 0.042134831460674156, "px_height_in_mm": 0.0424831926762981}}