{"features": {}, "internal": {"px_width_in_mm": 0.043209876543209874, "px_height_in_mm": 0.04365721005438777}}