{"features": {}, "internal": {"px_width_in_mm": 0.04140378548895899, "px_height_in_mm": 0.04427549194991055}}