{"features": {}, "internal": {"px_width_in_mm": 0.04395144411887819, "px_height_in_mm": 0.04415043853129181}}