{"features": {}, "internal": {"px_width_in_mm": 0.03468780971258672, "px_height_in_mm": 0.05750242013552759}}