{"features": {}, "internal": {"px_width_in_mm": 0.03676470588235294, "px_height_in_mm": 0.032115051903114186}}