{"features": {}, "internal": {"px_width_in_mm": 0.0352763312615488, "px_height_in_mm": 0.044755877034358044}}