{"features": {}, "internal": {"px_width_in_mm": 0.04270028466856446, "px_height_in_mm": 0.042193493393948005}}