{"features": {}, "internal": {"px_width_in_mm": 0.04065040650406504, "px_height_in_mm": 0.04186046511627907}}