{"features": {}, "internal": {"px_width_in_mm": 0.04054054054054054, "px_height_in_mm": 0.04202037351443124}}