{"features": {"height": 100.55106110240706}, "internal": {"px_width_in_mm": 0.042042042042042045, "px_height_in_mm": 0.042301666429283576, "paper_roi": {"horiz": {"corner": 254, "length": 4682}, "vert": {"corner": 931, "length": 6683}}, "height_segment": {"corner": 2721, "length": 2377}}}