{"features": {}, "internal": {"px_width_in_mm": 0.042042042042042045, "px_height_in_mm": 0.042301666429283576}}