{"features": {}, "internal": {"px_width_in_mm": 0.041128084606345476, "px_height_in_mm": 0.0416141235813367}}