{"features": {}, "internal": {"px_width_in_mm": 0.041363009651368916, "px_height_in_mm": 0.041376427974366116}}