{"features": {}, "internal": {"px_width_in_mm": 0.04286589099816289, "px_height_in_mm": 0.04289428076256499}}