{"features": {}, "internal": {"px_width_in_mm": 0.04129793510324484, "px_height_in_mm": 0.04142259414225941}}