{"features": {}, "internal": {"px_width_in_mm": 0.04212637913741224, "px_height_in_mm": 0.0424831926762981}}