{"features": {"height": 66.31312083024463}, "internal": {"px_width_in_mm": 0.04396984924623116, "px_height_in_mm": 0.04403261675315048, "paper_roi": {"horiz": {"corner": 291, "length": 4534}, "vert": {"corner": 897, "length": 6472}}, "height_segment": {"corner": 3216, "length": 1506}}}