{"features": {"height": 55.44}, "internal": {"px_width_in_mm": 0.042467138523761376, "px_height_in_mm": 0.043043478260869565, "paper_roi": {"horiz": {"corner": 277, "length": 4591}, "vert": {"corner": 952, "length": 6519}}, "height_segment": {"corner": 3787, "length": 1288}}}