{"features": {"height": 71.81796226415095}, "internal": {"px_width_in_mm": 0.04437869822485207, "px_height_in_mm": 0.044830188679245285, "paper_roi": {"horiz": {"corner": 284, "length": 4383}, "vert": {"corner": 1037, "length": 6351}}, "height_segment": {"corner": 4054, "length": 1602}}}