{"features": {"height": 56.36920529801324}, "internal": {"px_width_in_mm": 0.04466184602296895, "px_height_in_mm": 0.04470198675496689, "paper_roi": {"horiz": {"corner": 399, "length": 4401}, "vert": {"corner": 1467, "length": 6303}}, "height_segment": {"corner": 3928, "length": 1261}}}