{"features": {"height": 62.78260869565217}, "internal": {"px_width_in_mm": 0.0430327868852459, "px_height_in_mm": 0.043478260869565216, "paper_roi": {"horiz": {"corner": 299, "length": 4484}, "vert": {"corner": 1224, "length": 6512}}, "height_segment": {"corner": 3971, "length": 1444}}}