{"features": {"height": 56.613395506570576}, "internal": {"px_width_in_mm": 0.04153481012658228, "px_height_in_mm": 0.041966935142009325, "paper_roi": {"horiz": {"corner": 177, "length": 4671}, "vert": {"corner": 959, "length": 6744}}, "height_segment": {"corner": 4001, "length": 1349}}}