{"features": {"height": 77.12557803468208}, "internal": {"px_width_in_mm": 0.04280472890338361, "px_height_in_mm": 0.04291907514450867, "paper_roi": {"horiz": {"corner": 279, "length": 4534}, "vert": {"corner": 1079, "length": 6529}}, "height_segment": {"corner": 3738, "length": 1797}}}