{"features": {"height": 77.05876407738954}, "internal": {"px_width_in_mm": 0.0417329093799682, "px_height_in_mm": 0.04288189431129079, "paper_roi": {"horiz": {"corner": 279, "length": 4534}, "vert": {"corner": 1079, "length": 6529}}, "height_segment": {"corner": 3738, "length": 1797}}}