{"features": {"height": 97.08952408589668}, "internal": {"px_width_in_mm": 0.0423728813559322, "px_height_in_mm": 0.04309344167150319, "paper_roi": {"horiz": {"corner": 237, "length": 4525}, "vert": {"corner": 1406, "length": 6587}}, "height_segment": {"corner": 3215, "length": 2253}}}