{"features": {"height": 99.57787585421413}, "internal": {"px_width_in_mm": 0.04226202455222379, "px_height_in_mm": 0.04228359908883827, "paper_roi": {"horiz": {"corner": 104, "length": 4673}, "vert": {"corner": 974, "length": 6724}}, "height_segment": {"corner": 2889, "length": 2355}}}