{"features": {"height": 88.65354330708661}, "internal": {"px_width_in_mm": 0.04143646408839779, "px_height_in_mm": 0.04251968503937008, "paper_roi": {"horiz": {"corner": 248, "length": 4620}, "vert": {"corner": 1292, "length": 6653}}, "height_segment": {"corner": 3198, "length": 2085}}}