{"features": {"height": 72.01803607214428}, "internal": {"px_width_in_mm": 0.0420504605526632, "px_height_in_mm": 0.042513598625823074, "paper_roi": {"horiz": {"corner": 171, "length": 4650}, "vert": {"corner": 1194, "length": 6713}}, "height_segment": {"corner": 3487, "length": 1694}}}