{"features": {"height": 72.04897608477732}, "internal": {"px_width_in_mm": 0.042042042042042045, "px_height_in_mm": 0.04253186309609051, "paper_roi": {"horiz": {"corner": 171, "length": 4650}, "vert": {"corner": 1194, "length": 6713}}, "height_segment": {"corner": 3487, "length": 1694}}}