{"features": {"height": 85.74717085288435}, "internal": {"px_width_in_mm": 0.08136381247578459, "px_height_in_mm": 0.08197626276566382, "paper_roi": {"horiz": {"corner": 294, "length": 2428}, "vert": {"corner": 269, "length": 3479}}, "height_segment": {"corner": 1364, "length": 1046}}}