{"features": {"height": 80.56608478802993}, "internal": {"px_width_in_mm": 0.08174386920980926, "px_height_in_mm": 0.08229426433915212, "paper_roi": {"horiz": {"corner": 276, "length": 2422}, "vert": {"corner": 310, "length": 3467}}, "height_segment": {"corner": 1425, "length": 979}}}