{"features": {"height": 69.42857142857143}, "internal": {"px_width_in_mm": 0.08274231678486997, "px_height_in_mm": 0.08385093167701864, "paper_roi": {"horiz": {"corner": 333, "length": 2366}, "vert": {"corner": 310, "length": 3406}}, "height_segment": {"corner": 1514, "length": 828}}}