{"features": {"height": 87.51349798966112}, "internal": {"px_width_in_mm": 0.08488278092158448, "px_height_in_mm": 0.08529580700746697, "paper_roi": {"horiz": {"corner": 266, "length": 2319}, "vert": {"corner": 402, "length": 3344}}, "height_segment": {"corner": 1473, "length": 1026}}}