{"features": {"height": 67.2851947264737}, "internal": {"px_width_in_mm": 0.04467134652201659, "px_height_in_mm": 0.04500681921503258, "paper_roi": {"horiz": {"corner": 375, "length": 4375}, "vert": {"corner": 1641, "length": 6336}}, "height_segment": {"corner": 4274, "length": 1495}}}