{"features": {"height": 75.17624020887729}, "internal": {"px_width_in_mm": 0.04276114844227245, "px_height_in_mm": 0.04308093994778068, "paper_roi": {"horiz": {"corner": 500, "length": 4583}, "vert": {"corner": 1192, "length": 6605}}, "height_segment": {"corner": 3690, "length": 1745}}}