{"features": {"height": 53.42923141537169}, "internal": {"px_width_in_mm": 0.041273584905660375, "px_height_in_mm": 0.041579168416631666, "paper_roi": {"horiz": {"corner": 150, "length": 4818}, "vert": {"corner": 539, "length": 6905}}, "height_segment": {"corner": 3302, "length": 1285}}}