{"features": {"height": 56.6406945681211}, "internal": {"px_width_in_mm": 0.041592394533571005, "px_height_in_mm": 0.04407836153161175, "paper_roi": {"horiz": {"corner": 150, "length": 4818}, "vert": {"corner": 539, "length": 6905}}, "height_segment": {"corner": 3302, "length": 1285}}}