{"features": {"height": 36.7849795688319}, "internal": {"px_width_in_mm": 0.041807684650607205, "px_height_in_mm": 0.04184866845145836, "paper_roi": {"horiz": {"corner": 265, "length": 4763}, "vert": {"corner": 444, "length": 6824}}, "height_segment": {"corner": 3599, "length": 879}}}