{"features": {"height": 36.76943661971831}, "internal": {"px_width_in_mm": 0.041824337781318464, "px_height_in_mm": 0.04183098591549296, "paper_roi": {"horiz": {"corner": 265, "length": 4763}, "vert": {"corner": 444, "length": 6824}}, "height_segment": {"corner": 3599, "length": 879}}}