{"features": {"height": 65.22959107806692}, "internal": {"px_width_in_mm": 0.04253595300789954, "px_height_in_mm": 0.0441635687732342, "paper_roi": {"horiz": {"corner": 292, "length": 4596}, "vert": {"corner": 1088, "length": 6392}}, "height_segment": {"corner": 3243, "length": 1477}}}