{"features": {"height": 64.96875}, "internal": {"px_width_in_mm": 0.04184100418410042, "px_height_in_mm": 0.04277073732718894, "paper_roi": {"horiz": {"corner": 201, "length": 4657}, "vert": {"corner": 484, "length": 6596}}, "height_segment": {"corner": 2952, "length": 1519}}}