{"features": {"height": 63.76246290801187}, "internal": {"px_width_in_mm": 0.04372267332916927, "px_height_in_mm": 0.04406528189910979, "paper_roi": {"horiz": {"corner": 307, "length": 4484}, "vert": {"corner": 642, "length": 6455}}, "height_segment": {"corner": 3164, "length": 1447}}}