{"features": {"height": 63.72464412811387}, "internal": {"px_width_in_mm": 0.04354136429608128, "px_height_in_mm": 0.04403914590747331, "paper_roi": {"horiz": {"corner": 307, "length": 4484}, "vert": {"corner": 642, "length": 6455}}, "height_segment": {"corner": 3164, "length": 1447}}}