{"features": {"height": 33.89866071428572}, "internal": {"px_width_in_mm": 0.043759116482600544, "px_height_in_mm": 0.044196428571428574, "paper_roi": {"horiz": {"corner": 366, "length": 4424}, "vert": {"corner": 1012, "length": 6483}}, "height_segment": {"corner": 3710, "length": 767}}}