{"features": {"height": 33.88353413654619}, "internal": {"px_width_in_mm": 0.043777360850531584, "px_height_in_mm": 0.04417670682730924, "paper_roi": {"horiz": {"corner": 366, "length": 4424}, "vert": {"corner": 1012, "length": 6483}}, "height_segment": {"corner": 3710, "length": 767}}}