{"features": {"height": 243.98691509031434}, "internal": {"px_width_in_mm": 0.04283091984499286, "px_height_in_mm": 0.04224150192006827, "paper_roi": {"horiz": {"corner": 104, "length": 4606}, "vert": {"corner": 661, "length": 6738}}, "height_segment": {"corner": 940, "length": 5776}}}