{"features": {"height": 170.58848433530906}, "internal": {"px_width_in_mm": 0.04198320671731307, "px_height_in_mm": 0.04191363251481795, "paper_roi": {"horiz": {"corner": 306, "length": 4688}, "vert": {"corner": 1306, "length": 6853}}, "height_segment": {"corner": 2639, "length": 4070}}}