{"features": {"height": 153.42195467422096}, "internal": {"px_width_in_mm": 0.04188272836059035, "px_height_in_mm": 0.04206798866855524, "paper_roi": {"horiz": {"corner": 290, "length": 4683}, "vert": {"corner": 1354, "length": 6818}}, "height_segment": {"corner": 2802, "length": 3647}}}