{"features": {"height": 89.26569037656904}, "internal": {"px_width_in_mm": 0.04082426127527216, "px_height_in_mm": 0.04142259414225941, "paper_roi": {"horiz": {"corner": 219, "length": 4722}, "vert": {"corner": 1073, "length": 6872}}, "height_segment": {"corner": 3435, "length": 2155}}}