{"features": {"height": 100.53674166904015}, "internal": {"px_width_in_mm": 0.042109484660116304, "px_height_in_mm": 0.04229564226716035, "paper_roi": {"horiz": {"corner": 254, "length": 4682}, "vert": {"corner": 931, "length": 6683}}, "height_segment": {"corner": 2721, "length": 2377}}}