{"features": {"height": 213.05344368074063}, "internal": {"px_width_in_mm": 0.04144464179988159, "px_height_in_mm": 0.04166082199466966, "paper_roi": {"horiz": {"corner": 213, "length": 4727}, "vert": {"corner": 1088, "length": 6826}}, "height_segment": {"corner": 1478, "length": 5114}}}