{"features": {"height": 152.6607452339688}, "internal": {"px_width_in_mm": 0.0423728813559322, "px_height_in_mm": 0.04289428076256499, "paper_roi": {"horiz": {"corner": 209, "length": 4558}, "vert": {"corner": 1239, "length": 6612}}, "height_segment": {"corner": 2292, "length": 3559}}}