{"features": {"height": 138.80440848214286}, "internal": {"px_width_in_mm": 0.04124116260801257, "px_height_in_mm": 0.04143415178571429, "paper_roi": {"horiz": {"corner": 183, "length": 4734}, "vert": {"corner": 1033, "length": 6890}}, "height_segment": {"corner": 2479, "length": 3350}}}