{"features": {"height": 194.2021185227598}, "internal": {"px_width_in_mm": 0.04222803136939473, "px_height_in_mm": 0.042513598625823074, "paper_roi": {"horiz": {"corner": 233, "length": 4649}, "vert": {"corner": 1335, "length": 6704}}, "height_segment": {"corner": 1740, "length": 4568}}}