{"discretization": {"height": {"num_bins": 10, "bin_edges": [25.901414612804434, 52.29826636367961, 56.59665825102132, 64.22262514858997, 71.16373559575263, 75.66512665523992, 87.55204343047487, 101.62475484510799, 109.49922106933057, 131.21621963923772, 243.98691509031434]}, "max_width": {"num_bins": 3, "bin_edges": [12.646384663471556, 26.9764115155502, 54.43525797284936, 198.37699428796532]}, "width_0perc": {"num_bins": 10, "bin_edges": [0.0, 0.0008326375496985596, 0.0017759246114830522, 0.0023733034621095683, 0.0030500446015594026, 0.004200162188844229, 0.0056566928232676915, 0.009626290533662932, 0.018398724082934623, 0.036746626686656715, 0.35842293906810035]}, "width_10perc": {"num_bins": 10, "bin_edges": [0.03836048344718865, 0.066437582602427, 0.11930159538357095, 0.24603136740413858, 0.2763363735647451, 0.32100646497994667, 0.359541855443113, 0.39933081601693754, 0.5038772531850275, 0.6040235805150481, 0.8064516129032258]}, "width_20perc": {"num_bins": 10, "bin_edges": [0.11749930226067541, 0.19917064698219714, 0.3265253017976819, 0.5487790184513218, 0.5894587914201331, 0.6246851119894599, 0.6484680875709486, 0.6935823020479684, 0.7385059503499902, 0.8031927545512764, 0.899641577060932]}, "width_30perc": {"num_bins": 10, "bin_edges": [0.19201786212670946, 0.28815242376777395, 0.63724299630907, 0.7543577927504687, 0.7769899200556135, 0.8161229103645916, 0.8399306873268078, 0.8557635467980296, 0.8838104530593432, 0.9350234517501954, 0.9682080924855492]}, "width_40perc": {"num_bins": 10, "bin_edges": [0.19016995865870465, 0.6171342431838608, 0.7571225319396051, 0.8866923621867607, 0.9155485661865447, 0.9261898204252507, 0.9429056225415842, 0.9557899336136414, 0.9651911955493986, 0.9795663687520689, 0.998705501618123]}, "width_50perc": {"num_bins": 10, "bin_edges": [0.5560975609756098, 0.8672157392973595, 0.9007315784147261, 0.9270848020319289, 0.9409508275945391, 0.9583903560059168, 0.9688229774812344, 0.9779045786841092, 0.9864715438633267, 0.9926655487141413, 0.9979550102249489]}, "width_60perc": {"num_bins": 10, "bin_edges": [0.20150187734668334, 0.8152069965621885, 0.8460410409977238, 0.8681242075525365, 0.8943023379572144, 0.9163279512249763, 0.9278680646570555, 0.9458627766726658, 0.9653979238754326, 0.9782742887815352, 0.9978858350951374]}, "width_70perc": {"num_bins": 10, "bin_edges": [0.03879849812265332, 0.5778450893543973, 0.7083188400239927, 0.7501499820865385, 0.7876026722155296, 0.8074969318450098, 0.8692719561043737, 0.8952710534229906, 0.9093268245421178, 0.9346680693919616, 0.990909090909091]}, "width_80perc": {"num_bins": 9, "bin_edges": [0.0425531914893617, 0.23991146766425003, 0.4607913806206102, 0.535209262788727, 0.5999738985219929, 0.6682211348735746, 0.7219863472984062, 0.7538009665100311, 0.8012226316323566, 0.8869047619047619]}, "width_90perc": {"num_bins": 10, "bin_edges": [0.017475728155339806, 0.07831734174769786, 0.11887120542292957, 0.2604122499769564, 0.3394607981088535, 0.38892493354315527, 0.42003668954988777, 0.4653455084619703, 0.5095906676722133, 0.6189733759961362, 0.8342171364778119]}, "width_100perc": {"num_bins": 10, "bin_edges": [0.0, 0.001622537188167638, 0.0031867975529947363, 0.004289197548199786, 0.005304791273565058, 0.007177373175035848, 0.0092400358836345, 0.013245060809341385, 0.01714230016778874, 0.02333451565668968, 0.0668103448275862]}, "avg_color_hue": {"num_bins": 10, "bin_edges": [27.69222119276378, 32.83457948075691, 38.16884407458222, 39.679797132864735, 41.88715563402459, 43.15544336904439, 45.311954562069396, 45.88348891830469, 46.88333397179196, 49.62311854856388, 67.16285548325119]}, "avg_color_sat": {"num_bins": 10, "bin_edges": [99.52642155107237, 125.98631523528766, 162.08219049833397, 170.36687840865713, 175.61972773742352, 178.57126109699158, 187.7416090860252, 199.87351080849928, 207.09481190621693, 214.3502398783513, 238.46340752291894]}, "avg_color_val": {"num_bins": 10, "bin_edges": [30.338626385696628, 42.64603975854664, 47.417979840382614, 49.835144903962195, 54.19921274615492, 57.925555389875896, 65.28620820520005, 74.1087516199668, 79.2315690199538, 83.92937747346454, 102.14784937746296]}}, "P(X|C)": {"height": {"acero rubrum": [0.025, 0.025, 0.025, 0.025, 0.25, 0.175, 0.4, 0.025, 0.025, 0.025], "agrifoglio": [0.025, 0.025, 0.1, 0.175, 0.175, 0.4, 0.025, 0.025, 0.025, 0.025], "faggio": [0.025, 0.025, 0.025, 0.025, 0.025, 0.025, 0.1, 0.55, 0.175, 0.025], "frassino": [0.025, 0.025, 0.025, 0.025, 0.025, 0.025, 0.025, 0.175, 0.55, 0.1], "gaggia": [0.25, 0.25, 0.25, 0.1, 0.025, 0.025, 0.025, 0.025, 0.025, 0.025], "liquidambar": [0.025, 0.025, 0.025, 0.025, 0.025, 0.025, 0.175, 0.025, 0.025, 0.625], "mirtillo": [0.25, 0.1, 0.1, 0.1, 0.175, 0.1, 0.1, 0.025, 0.025, 0.025], "salvia": [0.1, 0.25, 0.175, 0.175, 0.1, 0.1, 0.025, 0.025, 0.025, 0.025], "ulivo": [0.175, 0.175, 0.175, 0.25, 0.1, 0.025, 0.025, 0.025, 0.025, 0.025]}, "max_width": {"acero rubrum": [0.030303030303030304, 0.030303030303030304, 0.9393939393939394], "agrifoglio": [0.030303030303030304, 0.9393939393939394, 0.030303030303030304], "faggio": [0.030303030303030304, 0.12121212121212122, 0.8484848484848485], "frassino": [0.030303030303030304, 0.9393939393939394, 0.030303030303030304], "gaggia": [0.8484848484848485, 0.12121212121212122, 0.030303030303030304], "liquidambar": [0.030303030303030304, 0.030303030303030304, 0.9393939393939394], "mirtillo": [0.30303030303030304, 0.5757575757575758, 0.12121212121212122], "salvia": [0.7575757575757576, 0.21212121212121213, 0.030303030303030304], "ulivo": [0.9393939393939394, 0.030303030303030304, 0.030303030303030304]}, "width_0perc": {"acero rubrum": [0.25, 0.25, 0.175, 0.1, 0.1, 0.025, 0.025, 0.025, 0.025, 0.025], "agrifoglio": [0.175, 0.1, 0.025, 0.1, 0.175, 0.175, 0.1, 0.1, 0.025, 0.025], "faggio": [0.1, 0.025, 0.175, 0.175, 0.175, 0.175, 0.1, 0.025, 0.025, 0.025], "frassino": [0.025, 0.25, 0.175, 0.1, 0.1, 0.025, 0.1, 0.1, 0.1, 0.025], "gaggia": [0.025, 0.025, 0.025, 0.025, 0.025, 0.025, 0.025, 0.025, 0.175, 0.625], "liquidambar": [0.175, 0.175, 0.175, 0.175, 0.1, 0.1, 0.025, 0.025, 0.025, 0.025], "mirtillo": [0.1, 0.025, 0.1, 0.025, 0.025, 0.25, 0.25, 0.1, 0.1, 0.025], "salvia": [0.025, 0.025, 0.025, 0.025, 0.1, 0.025, 0.1, 0.25, 0.325, 0.1], "ulivo": [0.025, 0.025, 0.025, 0.175, 0.1, 0.1, 0.175, 0.25, 0.1, 0.025]}, "width_10perc": {"acero rubrum": [0.4, 0.175, 0.175, 0.1, 0.025, 0.025, 0.025, 0.025, 0.025, 0.025], "agrifoglio": [0.025, 0.025, 0.025, 0.325, 0.175, 0.175, 0.175, 0.025, 0.025, 0.025], "faggio": [0.025, 0.025, 0.025, 0.1, 0.175, 0.325, 0.25, 0.025, 0.025, 0.025], "frassino": [0.025, 0.1, 0.475, 0.025, 0.25, 0.025, 0.025, 0.025, 0.025, 0.025], "gaggia": [0.025, 0.025, 0.025, 0.025, 0.025, 0.025, 0.1, 0.25, 0.175, 0.325], "liquidambar": [0.325, 0.475, 0.025, 0.025, 0.025, 0.025, 0.025, 0.025, 0.025, 0.025], "mirtillo": [0.025, 0.025, 0.1, 0.25, 0.175, 0.25, 0.1, 0.025, 0.025, 0.025], "salvia": [0.025, 0.025, 0.025, 0.025, 0.025, 0.025, 0.025, 0.1, 0.4, 0.325], "ulivo": [0.025, 0.025, 0.025, 0.025, 0.025, 0.025, 0.175, 0.4, 0.175, 0.1]}, "width_20perc": {"acero rubrum": [0.175, 0.4, 0.175, 0.1, 0.025, 0.025, 0.025, 0.025, 0.025, 0.025], "agrifoglio": [0.025, 0.025, 0.025, 0.25, 0.1, 0.175, 0.1, 0.25, 0.025, 0.025], "faggio": [0.025, 0.025, 0.025, 0.025, 0.175, 0.325, 0.25, 0.025, 0.1, 0.025], "frassino": [0.025, 0.1, 0.25, 0.175, 0.175, 0.025, 0.175, 0.025, 0.025, 0.025], "gaggia": [0.025, 0.025, 0.025, 0.025, 0.1, 0.025, 0.025, 0.25, 0.175, 0.325], "liquidambar": [0.55, 0.25, 0.025, 0.025, 0.025, 0.025, 0.025, 0.025, 0.025, 0.025], "mirtillo": [0.025, 0.025, 0.325, 0.25, 0.175, 0.1, 0.025, 0.025, 0.025, 0.025], "salvia": [0.025, 0.025, 0.025, 0.025, 0.1, 0.025, 0.025, 0.1, 0.325, 0.325], "ulivo": [0.025, 0.025, 0.025, 0.025, 0.025, 0.175, 0.25, 0.175, 0.175, 0.1]}, "width_30perc": {"acero rubrum": [0.025, 0.475, 0.25, 0.1, 0.025, 0.025, 0.025, 0.025, 0.025, 0.025], "agrifoglio": [0.025, 0.025, 0.025, 0.1, 0.325, 0.1, 0.025, 0.175, 0.175, 0.025],