{"features": {"height": 111.92709466811753}, "internal": {"px_width_in_mm": 0.035921997947314405, "px_height_in_mm": 0.035908596300326445, "paper_roi": {"horiz": {"corner": 680, "length": 5465}, "vert": {"corner": 750, "length": 7967}}, "height_segment": {"corner": 2677, "length": 3117}}}