{"features": {"height": 124.72153793024057}, "internal": {"px_width_in_mm": 0.034101981162715164, "px_height_in_mm": 0.034189018072982615, "paper_roi": {"horiz": {"corner": 334, "length": 5740}, "vert": {"corner": 603, "length": 8324}}, "height_segment": {"corner": 2394, "length": 3648}}}