{"features": {"height": 123.34367019336008}, "internal": {"px_width_in_mm": 0.035952747817154594, "px_height_in_mm": 0.03611820503465888, "paper_roi": {"horiz": {"corner": 669, "length": 5498}, "vert": {"corner": 612, "length": 7917}}, "height_segment": {"corner": 2831, "length": 3415}}}