{"features": {"height": 123.8154020385051}, "internal": {"px_width_in_mm": 0.036978341257263604, "px_height_in_mm": 0.03737259343148358, "paper_roi": {"horiz": {"corner": 691, "length": 5337}, "vert": {"corner": 981, "length": 7637}}, "height_segment": {"corner": 2846, "length": 3313}}}