{"features": {"height": 131.42921766897285}, "internal": {"px_width_in_mm": 0.039311119430924746, "px_height_in_mm": 0.039515699840340604, "paper_roi": {"horiz": {"corner": 1010, "length": 5007}, "vert": {"corner": 1146, "length": 7194}}, "height_segment": {"corner": 2773, "length": 3326}}}