{"features": {"height": 104.23359048943973}, "internal": {"px_width_in_mm": 0.03723404255319149, "px_height_in_mm": 0.03756165423042873, "paper_roi": {"horiz": {"corner": 749, "length": 5304}, "vert": {"corner": 798, "length": 7594}}, "height_segment": {"corner": 3047, "length": 2775}}}