{"features": {"height": 89.11926903114187}, "internal": {"px_width_in_mm": 0.03027681660899654, "px_height_in_mm": 0.032115051903114186, "paper_roi": {"horiz": {"corner": 749, "length": 5304}, "vert": {"corner": 798, "length": 7594}}, "height_segment": {"corner": 3047, "length": 2775}}}