{"features": {"height": 110.72456878989543}, "internal": {"px_width_in_mm": 0.040176009183087814, "px_height_in_mm": 0.04033681923129159, "paper_roi": {"horiz": {"corner": 882, "length": 4929}, "vert": {"corner": 1234, "length": 7058}}, "height_segment": {"corner": 3089, "length": 2745}}}