{"features": {"height": 117.83020408163264}, "internal": {"px_width_in_mm": 0.040369088811995385, "px_height_in_mm": 0.04040816326530612, "paper_roi": {"horiz": {"corner": 994, "length": 4877}, "vert": {"corner": 1149, "length": 6971}}, "height_segment": {"corner": 2884, "length": 2916}}}