{"features": {}, "internal": {"px_width_in_mm": 0.07868115399025852, "px_height_in_mm": 0.07903139968068121}}