{"features": {"height": 85.84194528875379}, "internal": {"px_width_in_mm": 0.08136381247578459, "px_height_in_mm": 0.08206686930091185, "paper_roi": {"horiz": {"corner": 294, "length": 2428}, "vert": {"corner": 269, "length": 3479}}, "height_segment": {"corner": 1364, "length": 1046}}}