{"features": {}, "internal": {"px_width_in_mm": 0.08136381247578459, "px_height_in_mm": 0.08206686930091185}}