{"features": {}, "internal": {"px_width_in_mm": 0.08437123342707915, "px_height_in_mm": 0.08456719817767654}}