{"features": {}, "internal": {"px_width_in_mm": 0.08775595486836607, "px_height_in_mm": 0.0883402736466389}}