{"features": {}, "internal": {"px_width_in_mm": 0.1025390625, "px_height_in_mm": 0.08233989464929305}}