{"features": {}, "internal": {"px_width_in_mm": 0.08373205741626795, "px_height_in_mm": 0.08375634517766498}}