{"features": {"height": 61.47715736040609}, "internal": {"px_width_in_mm": 0.08373205741626795, "px_height_in_mm": 0.08375634517766498, "paper_roi": {"horiz": {"corner": 338, "length": 2345}, "vert": {"corner": 326, "length": 3403}}, "height_segment": {"corner": 1483, "length": 734}}}