{"features": {}, "internal": {"px_width_in_mm": 0.11811023622047244, "px_height_in_mm": 0.08387461169161253}}