{"features": {}, "internal": {"px_width_in_mm": 0.08564437194127243, "px_height_in_mm": 0.0858877964141122}}