{"features": {}, "internal": {"px_width_in_mm": 0.08488278092158448, "px_height_in_mm": 0.08527131782945736}}