{"features": {"height": 100.10261678200692}, "internal": {"px_width_in_mm": 0.03027681660899654, "px_height_in_mm": 0.032115051903114186, "paper_roi": {"horiz": {"corner": 680, "length": 5465}, "vert": {"corner": 750, "length": 7967}}, "height_segment": {"corner": 2677, "length": 3117}}}