{"features": {"height": 124.66413531239213}, "internal": {"px_width_in_mm": 0.03027681660899654, "px_height_in_mm": 0.034173282706247844, "paper_roi": {"horiz": {"corner": 334, "length": 5740}, "vert": {"corner": 603, "length": 8324}}, "height_segment": {"corner": 2394, "length": 3648}}}