{"features": {"height": 93.64749134948097}, "internal": {"px_width_in_mm": 0.03027681660899654, "px_height_in_mm": 0.032115051903114186, "paper_roi": {"horiz": {"corner": 994, "length": 4877}, "vert": {"corner": 1149, "length": 6971}}, "height_segment": {"corner": 2884, "length": 2916}}}